{
    "total_runtime_minute": 0.5961017529169719,
    "total_sample": 48,
    "accuracy": 64.58333333333334,
    "auroc": 0.7296015180265655,
    "aurac": 0.7964962165549756,
    "init_infer_latency_second_stats": {
        "mean": 0.18193770945072174,
        "median": 0.06666040420532227,
        "min": 0.04314374923706055,
        "max": 5.6634509563446045
    },
    "e2e_latency_second_stats": {
        "mean": 0.7317316482464472,
        "median": 0.5961127281188965,
        "p50": 0.5961127281188965,
        "p95": 0.7409441828727722,
        "p99": 3.636882646083838,
        "min": 0.4693150520324707,
        "max": 6.131526708602905
    },
    "total_output_tokens_stats": {
        "mean": 11,
        "median": 11,
        "min": 11,
        "max": 19
    }
}