{
    "total_runtime_minute": 0.9352754195531209,
    "total_sample": 48,
    "accuracy": 79.16666666666666,
    "auroc": 0.8342105263157894,
    "aurac": 0.9324549949653187,
    "init_infer_latency_second_stats": {
        "mean": 0.11547958354155223,
        "median": 0.09533202648162842,
        "min": 0.05706477165222168,
        "max": 0.8490457534790039
    },
    "e2e_latency_second_stats": {
        "mean": 1.1559575746456783,
        "median": 1.019158124923706,
        "p50": 1.019158124923706,
        "p95": 1.782077360153198,
        "p99": 2.507080986499787,
        "min": 0.5701448917388916,
        "max": 2.829824209213257
    },
    "total_output_tokens_stats": {
        "mean": 70,
        "median": 50,
        "min": 11,
        "max": 228
    }
}